name,address name,city/state/zip code,country
A-LIGN,"400 N. Ashley Drive, Suite 1325","Tampa, FL 33602",United States
ABS Quality Evaluations,1701 City Plaza Drive,"Spring, TX 77389",United States
Ariento Inc.,377 Riverside Drive STE 106,"Franklin, TN 37064",United States
"Booz Allen Hamilton, Inc.",8283 Greensboro Dr,"McLean, VA 22102",United States
"Boston Government Services, LLC","105 Mitchell Road, Suite 101","Oak Ridge, TN 37830",United States
Bravura Information Technology System Inc. DBA ArCyber,"210 Research Blvd, Suite 300","Aberdeen, MD 21001-3474",United States
"Business Transformation Institute, Inc.","5950 Symphony Wood Road, Suite 602","Columbia, MD 21044",United States
CISEVE,5125 W Reno Ave STE 1087,"Las Vegas, NV 89118",United States
Redspin,40 Burton Hills Blvd. Ste 200,"Nashville, TN 37215",United States
Cask Government Services,475 Aquia Town Center,"Stafford, VA 22554",United States
Cherry Bekaert,"1850 Towers Crescent Plaza, Suite 200","Tysons, VA 22182",United States
Coalfire Federal,PO Box 220985,"Chantilly, VA 20153",United States
CohnReznick LLP,"8000 Towers Crescent Drive, Ste 1000","Tysons, VA 22182",United States
CyberNINES LLC,2200 Pennsylvania Ave,"Madison, WI 53704",United States
CyberRx,"8403 Colesville Road, Suite 1100","Silver Spring, MD 20910",United States
Cybersec Investments,1900 S Harbor City Blvd. Suite 328,"Melbourne, FL 32901",United States
"DataSoftNow, Inc.",756 Grand Blvd,"Deer Park, NY 11729",United States
DTC,7600 American Heritage Dr NE,"Albuquerque, NM 87109",United States
Edwards Performance Solutions,"10980 Grantchester Way, Suite 300","Columbia, MD 21044",United States
"FORVIS, LLP","4350 Congress Street, Suite 900","Charlotte, NC 28209",United States
GMS Registrar Ltd,89 Alpha Park,"Cleveland, OH 44143",United States
Guernsey,5555 N Grand Blvd,"Oklahoma City, OK 73112",United States
HORNE LLP,661 Sunnybrook Rd Suite 100,"Ridgeland, MS 39157",United States
"KLC Consulting, Inc","225 Cedar Hill Street, Suite 200","Marlborough, MA 01752",United States
KNC Strategic Services,4416 Maple Dr,"Oceanside, CA 92056",United States
Kieri Solutions LLC,6955 Annapolis Rock Road,"Woodbine, MD 21797",United States
Kompleye,"12110 Sunset Hills Road, Suite 600","Reston, VA 20190",United States
Kratos Technology & Training Solutions,"4795 Meadow Wood Lane, Suite 220W","Chantilly, VA 20151",United States
La Jolla Logic,"444 West C St, #220, Ste 220","San Diego, CA 92101",United States
MNS Group,"4690 Millennium Drive, Suite 400","Belcamp, MD 21017",United States
Monarch ISC,"22 Free St, Suite 300","Portland, ME 04101",United States
NSF INTERNATIONAL STRATEGIC REGISTRATION LTD,789 N. Dixboro Rd,"Ann Arbor, MI 48105",United States
Paragon Cyber Solutions LLC,"400 N. Ashley Drive, Suite 2050","Tampa, FL 33602",United States
Peak InfoSec LLC,--,"Dunellon, FL 34434",United States
"Penacity, LLC","7030 Dorsey Rd, Suite 104","Hanover, MD 21076",United States
Provincia Government Solutions,"1143 Columbia Avenue - Suite C12, Suite C12","Franklin, TN 37064",United States
RSM US LLP,1861 International Drive,"Mclean, VA 22182",United States
Reef Systems,"1230 SE Maynard Rd, Suite 202","Cary, NC 27511",United States
"Schellman & Company, LLC",N/A,"undefined, FL 99999",United States
"SecureStrux, LLC",8 West King St,"Lancaster, PA 17603",United States
"Securitybricks, Inc.",N/A,"undefined, CA 99999",United States
"Sentar, Inc.","675 Discovery Dr NW, Suite 205","Huntsville, AL 35806",United States
Sentinel Blue,"332 W Lee Hwy, Ste 236","Warrenton, VA 20186",United States
SoundWay,"1738 Elton Road, 317","SILVER SPRING, MD 20903",United States
SteelToad,"5520 Research Park Drive, Suite #100","Baltimore, MD 21228",United States
SysAudits,N/A,"undefined, VA 99999",United States
"Tech Lock, Inc.",N/A,"Troy, MI 48331",United States
iPower LLC,"1897 Preston White Drive, Suite 201","Reston, VA, VA 20191",United States
